{"cameraMode":{"drawMode":0,"name":"Shaded","section":"Shading Mode"},"sceneLighting":true,"audioPlay":false,"sceneViewState":{"showFog":true,"showMaterialUpdate":false,"showSkybox":true,"showFlares":true,"showImageEffects":true,"showParticleSystems":true},"in2DMode":false,"pivot":{"x":847.811279296875,"y":368.438232421875,"z":0.0},"rotation":{"x":-0.021306972950696946,"y":0.009594771079719067,"z":-0.00020493243937380612,"w":-0.9997304081916809},"size":1019.6333618164063,"orthographic":false}