{"cameraMode":{"drawMode":0,"name":"Shaded","section":"Shading Mode"},"sceneLighting":true,"audioPlay":false,"sceneViewState":{"showFog":true,"showMaterialUpdate":false,"showSkybox":true,"showFlares":true,"showImageEffects":true,"showParticleSystems":true},"in2DMode":false,"pivot":{"x":11.326258659362793,"y":2.301651954650879,"z":-9.671981811523438},"rotation":{"x":-0.021306972950696946,"y":0.009594771079719067,"z":-0.00020493243937380612,"w":-0.9997304081916809},"size":15.4268798828125,"orthographic":false}