{"cameraMode":{"drawMode":0,"name":"Shaded","section":"Shading Mode"},"sceneLighting":true,"audioPlay":false,"sceneViewState":{"showFog":true,"showMaterialUpdate":false,"showSkybox":true,"showFlares":true,"showImageEffects":true,"showParticleSystems":true},"in2DMode":false,"pivot":{"x":1.1421105861663819,"y":-11.729299545288086,"z":36.246795654296878},"rotation":{"x":-0.142323300242424,"y":0.005045311059802771,"z":-0.0007258215919137001,"w":-0.9898112416267395},"size":69.42448425292969,"orthographic":false}